00:15:5D:30:FA:01;10.26.0.6;prosup-Virtual-Machine;1556778715
00:15:5D:30:FA:02;10.26.0.7;PRO-GT;1556868018
00:15:5D:30:FA:03;10.26.0.8;prosup-Virtual-Machine;1556868024
00:15:5D:30:FA:03;172.22.190.3;prosup-Virtual-Machine;1556868032
00:15:5D:30:FA:02;192.168.0.6;PRO-GT;1557364621
B4:AE:2B:E7:8A:28;10.26.0.10;PRO-GT;1557383410
B4:AE:2B:E7:8A:28;10.42.2.67;PRO-GT;1557384188
1A:15:00:15:80:84;10.26.0.9;PRO-GT;1557384213
B4:AE:2B:E7:8A:29;10.26.0.11;PRO-GT;1557384220
B4:AE:2B:E7:8A:29;172.20.10.2;PRO-GT;1557384224
FC:15:C1:65:3F:A0;10.26.0.9;PRO-GT;1557384523
